Country,#,Title,Artist,Release,BPM,Energy,Dance,Loud,Valence,Length,Acoustic,Pop.,A.Sep,Rnd
Finland,1,Uus Bitch,OLGA,2024-03-21,146,85,67,-4,71,2:12,5,64,6,2689
Finland,2,Heikkouteni (feat. TUULI),Jore & Zpoppa,2024-03-01,140,50,77,-5,76,3:03,50,68,7,2683
Finland,3,Uuteen eiliseen,Mirella,2024-03-14,120,66,65,-4,60,2:45,33,68,1,8042
Finland,4,i like the way you kiss me,Artemas,2024-03-19,152,95,60,-4,75,2:23,0,96,8,6996
Finland,5,Timanttei,Mirella,2024-01-04,130,69,66,-5,49,3:29,31,69,25,3446
Finland,6,Kissa (feat. Averagekidluke),AHTI,2024-03-08,115,75,75,-6,50,2:46,5,66,3,7622
Finland,7,Tunnista tuntiin,Ege Zulu,2024-02-01,120,58,87,-5,83,3:01,42,67,9,6721
Finland,8,Sytkäri (feat. AHTI),TUULI,2024-04-05,142,74,63,-4,39,2:58,15,57,10,6083
Finland,9,Tuhoaisti,KUUMAA,2024-03-21,155,76,65,-5,74,2:59,7,63,0,5469
Finland,10,Elli,Tupe.,2024-03-01,165,77,55,-6,54,2:47,1,65,11,1316
Finland,11,Virheet (feat. Bee),HUGO,2024-03-15,140,57,68,-6,49,2:47,3,64,2,6663
Finland,12,Satama,KUUMAA,2023-11-30,125,63,78,-6,89,2:40,7,64,16,5096
Finland,13,Kauas pois,Gettomasa,2024-03-28,97,80,82,-6,69,2:24,20,61,4,6928
Finland,14,Jos puhutaan totta,ANI,2024-01-26,105,73,74,-6,60,2:54,18,66,12,4461
Finland,15,Kattomatta takas,Cledos,2024-03-08,84,75,57,-7,36,2:30,12,64,13,354
Finland,16,Sua sattuu,Mirella,2023-10-19,122,73,68,-5,36,3:04,7,63,47,9788
Finland,17,Väärään aikaan (feat. HUGO),AHTI,2023-12-08,144,68,71,-5,74,3:03,23,65,44,9944
Finland,18,Kävi mitä kävi sul on mut,VIIVI,2024-03-22,147,71,48,-5,59,3:17,17,61,14,3559
Finland,19,Vaan sä,Blacflaco,2024-02-16,100,59,80,-5,71,2:42,18,64,15,454
Finland,20,Ruoska,Käärijä,2024-02-09,160,92,62,-7,36,3:17,1,66,17,2820
Finland,21,Malaga (feat. KERZA),VJ,2024-03-08,98,64,84,-5,66,3:16,9,61,18,1165
Finland,22,1000km,Joe L,2024-03-15,122,67,80,-6,40,2:38,18,60,19,37
Finland,23,Paskana,Sara Siipola,2024-01-14,91,71,60,-3,75,3:05,5,65,20,8902
Finland,24,Taulut (feat. Costi),HUGO,2023-09-08,130,74,74,-6,46,3:17,15,64,26,8163
Finland,25,Too Sweet,Hozier,2024-03-22,117,62,74,-6,93,4:11,3,83,21,5726
Finland,26,Monaco,Arttu Wiskari,2024-04-05,130,85,71,-5,85,3:26,5,51,22,5090
Finland,27,Mon chéri,Pilvi Hämäläinen,2024-02-22,134,89,62,-5,76,2:48,1,64,23,8731
Finland,28,Sä puhuit enkeleistä,Bee,2023-09-15,100,64,63,-6,56,2:16,17,62,24,1552
Finland,29,Minne vaan (feat. Jore & Zpoppa),Keko Salata,2024-03-22,134,74,77,-6,49,3:19,27,59,27,2711
Finland,30,BLONDINA,ibe,2023-11-03,88,75,71,-4,71,3:00,16,59,28,8967
Finland,31,Villit vedet,Jenni Vartiainen,2024-04-05,124,83,67,-5,59,3:07,21,53,29,6228
Finland,32,End of Beginning,Djo,2022-09-16,160,45,69,-8,91,2:39,4,98,30,8039
Finland,33,25,william,2024-03-22,98,59,76,-8,46,2:21,12,60,5,4988
Finland,34,Yks Kaks,Turisti,2024-03-22,135,59,83,-4,39,2:28,2,54,31,1158
Finland,35,Paremmin ku kukaan muu,Benjamin,2024-02-16,140,80,68,-4,80,2:57,4,61,32,177
Finland,36,Ylivoimainen,KUUMAA,2023-03-30,164,76,58,-5,71,3:02,3,60,33,7624
Finland,37,Taskut täyn,william,2024-04-05,94,68,77,-6,68,2:19,11,53,45,1593
Finland,38,Sun puolesta,HUGO,2024-01-05,132,71,81,-6,93,3:00,1,62,48,6881
Finland,39,Tulipalo,KUUMAA,2023-03-30,122,68,74,-8,59,3:04,25,59,49,8154
Finland,40,Gambiitti,Costi,2024-03-22,172,78,65,-5,77,2:53,9,58,34,3931
Finland,41,Sunkaa aina,Averagekidluke,2024-04-05,103,72,69,-7,84,2:15,57,52,35,6289
Finland,42,we can't be friends (wait for your love),Ariana Grande,2024-03-08,116,66,65,-8,29,3:49,7,95,36,8347
Finland,43,päivänvaloo (feat. Lauri Haav),pehmoaino,2024-01-05,142,30,45,-14,6,3:40,76,60,37,5544
Finland,44,greedy,Tate McRae,2023-09-15,111,73,75,-3,84,2:12,26,96,38,9682
Finland,45,Viimeinen tanssi,BEHM,2023-09-22,133,83,68,-6,89,3:42,10,57,39,6973
Finland,46,Beautiful Things,Benson Boone,2024-04-05,105,47,47,-6,22,3:00,15,77,40,3657
Finland,47,Skeittaa,Gettomasa,2024-03-28,207,58,61,-5,69,2:16,2,55,46,1985
Finland,48,Prada,cassö,2023-08-11,142,72,64,-6,42,2:12,0,89,41,2728
Finland,49,Emily,Isac Elliot,2024-02-22,122,76,72,-5,65,2:38,2,61,42,2830
Finland,50,Like That,Future,2024-03-22,162,68,81,-5,31,4:28,1,95,43,1552
Denmark,1,Bellevue (feat. D1MA),Tobias Rahim,2024-02-23,100,53,71,-7,53,2:35,13,68,8,5473
Denmark,2,i like the way you kiss me,Artemas,2024-03-19,152,95,60,-4,75,2:23,0,96,9,3296
Denmark,3,Storebæltsbroen,Guldimund,2024-04-05,152,75,64,-6,64,2:59,11,55,0,7994
Denmark,4,Alt Det (feat. Noah Carter),Thor Farlov,2024-02-02,99,81,73,-4,34,2:58,18,67,10,7041
Denmark,5,Too Sweet,Hozier,2024-03-22,117,62,74,-6,93,4:11,3,83,11,125
Denmark,6,OT,Lamin,2024-03-29,115,59,72,-6,47,2:51,9,61,12,5293
Denmark,7,Knuser Hjerter,Annika,2024-03-08,124,55,68,-8,44,3:27,42,62,13,3581
Denmark,8,555 (feat. KESI),Gilli,2023-12-30,190,85,53,-4,68,2:38,3,65,1,9863
Denmark,9,Første Dag,Benjamin Hav,2023-10-13,122,59,79,-8,61,3:14,16,60,14,7691
Denmark,10,Beautiful Things,Benson Boone,2024-04-05,105,47,47,-6,22,3:00,15,77,3,2813
Denmark,11,we can't be friends (wait for your love),Ariana Grande,2024-03-08,116,66,65,-8,29,3:49,7,95,15,36
Denmark,12,TEXAS HOLD 'EM,Beyoncé,2024-03-29,110,71,73,-7,38,3:53,58,86,16,3218
Denmark,13,Lose Control,Teddy Swims,2023-09-15,160,60,56,-4,24,3:31,20,93,17,9406
Denmark,14,Det Modsatte,Mumle,2023-09-22,118,58,76,-6,55,3:22,2,64,18,7561
Denmark,15,Sprite & Vodka (feat. Gilli & KESI),Noah Carter,2024-03-22,201,67,51,-6,66,2:16,47,61,4,6375
Denmark,16,All Again,Fabian Mazur,2024-02-16,146,82,68,-4,18,2:38,1,55,19,3653
Denmark,17,I KNOW,D1MA,2023-06-22,114,67,84,-6,32,3:09,4,64,5,7831
Denmark,18,Sent,Artigeardit,2024-01-19,138,67,78,-6,43,2:35,5,64,6,8187
Denmark,19,greedy,Tate McRae,2023-09-15,111,73,75,-3,84,2:12,26,96,20,3914
Denmark,20,Halskæde,Guldimund,2023-10-21,143,33,50,-8,27,2:37,29,60,25,9040
Denmark,21,End of Beginning,Djo,2022-09-16,160,45,69,-8,91,2:39,4,98,21,7755
Denmark,22,Skarpt Lys,Gilli,2023-12-30,150,77,76,-5,74,3:03,5,62,26,1553
Denmark,23,Prada,cassö,2023-08-11,142,72,64,-6,42,2:12,0,89,22,4573
Denmark,24,Uden Dig,Ukendt Kunstner,2023-05-12,163,74,73,-7,88,3:11,31,62,23,610
Denmark,25,Livet Er Kort,Gobs,2024-02-02,142,74,73,-5,94,2:21,21,62,2,1556
Denmark,26,Austin,Dasha,2024-02-16,115,67,76,-7,74,2:52,46,87,24,9710
Denmark,27,Stick Season,Noah Kahan,2022-10-14,118,49,66,-7,82,3:02,78,94,28,63
Denmark,28,Danser Med Dæmoner,Baloosh,2023-11-03,140,75,76,-6,43,2:41,40,62,29,8779
Denmark,29,Like That,Future,2024-03-22,162,68,81,-5,31,4:28,1,95,30,8346
Denmark,30,"Det´ kun vigtigt, hvad det er",Guldimund,2023-03-31,121,39,55,-8,33,3:20,43,57,47,6471
Denmark,31,Tak For Sidst,Gobs,2024-02-02,135,62,81,-4,69,2:36,9,58,27,8678
Denmark,32,Tilfældigt (feat. D1MA),Caroline Dubois,2023-07-06,111,57,79,-8,42,2:51,26,60,31,5049
Denmark,33,Godthåbsvej,URO,2023-09-29,130,58,70,-8,38,3:19,10,61,7,7696
Denmark,34,Intet Nyt (feat. Gilli),Merro8,2024-02-02,135,69,87,-5,61,2:55,5,61,32,9399
Denmark,35,dagdrømmer,Mille,2024-02-02,140,55,70,-6,72,2:50,21,58,33,5570
Denmark,36,Kom & Gik (feat. Hans Philip),Noah Carter,2024-03-22,170,44,68,-10,33,2:52,46,59,42,5795
Denmark,37,MOONLIGHT,D1MA,2023-03-16,119,49,71,-8,56,3:17,57,59,43,1666
Denmark,38,Ud Af Hovedet (feat. ICEKIID),Gobs,2024-02-02,142,80,76,-5,71,2:44,22,60,48,9087
Denmark,39,Bærum Bitches (Mannschaft),Søte og Rare Gutter,2024-02-15,147,60,66,-8,54,2:27,7,74,34,2057
Denmark,40,Jeg Er En Gamer,Thomas,2024-02-02,136,79,75,-6,48,2:54,33,61,35,6647
Denmark,41,Whatever,Kygo,2024-01-19,108,78,58,-6,60,2:58,11,89,36,8040
Denmark,42,vi ku' blive,Artigeardit,2023-09-01,85,61,63,-6,39,3:27,34,58,44,407
Denmark,43,Thank You (Not So Bad),Dimitri Vegas & Like Mike,2023-12-01,150,95,67,-5,56,2:20,2,87,37,2033
Denmark,44,Unwritten,Natasha Bedingfield,2004-08-30,100,80,71,-6,63,4:19,1,92,38,2068
Denmark,45,Føles Godt (feat. Mekdes),URO,2023-01-13,81,68,62,-6,34,2:51,40,60,45,7255
Denmark,46,Slow It Down,Benson Boone,2024-04-05,181,58,43,-5,54,2:42,17,76,46,4891
Denmark,47,CARNIVAL,¥$,2024-02-09,148,81,59,-6,31,4:24,19,96,39,4593
Denmark,48,Houdini,Dua Lipa,2023-11-09,117,79,74,-5,87,3:06,0,92,40,106
Denmark,49,Balaclava,ICEKIID,2024-03-01,120,56,92,-7,80,2:30,1,59,41,3818
Denmark,50,Verden Vågner (feat. Saveus),Gilli,2022-10-15,95,76,56,-5,73,2:36,37,59,49,8245
Switzerland,1,i like the way you kiss me,Artemas,2024-03-19,152,95,60,-4,75,2:23,0,96,4,8379
Switzerland,2,Beautiful Things,Benson Boone,2024-04-05,105,47,47,-6,22,3:00,15,77,1,7628
Switzerland,3,Gata Only,FloyyMenor,2024-02-02,100,50,79,-8,67,3:42,45,95,5,1497
Switzerland,4,Too Sweet,Hozier,2024-03-22,117,62,74,-6,93,4:11,3,83,6,8379
Switzerland,5,Belong Together,Mark Ambor,2024-02-16,91,67,65,-5,64,2:28,49,86,7,2757
Switzerland,6,Lose Control,Teddy Swims,2023-09-15,160,60,56,-4,24,3:31,20,93,8,1597
Switzerland,7,End of Beginning,Djo,2022-09-16,160,45,69,-8,91,2:39,4,98,9,1857
Switzerland,8,TEXAS HOLD 'EM,Beyoncé,2024-03-29,110,71,73,-7,38,3:53,58,86,10,6419
Switzerland,9,greedy,Tate McRae,2023-09-15,111,73,75,-3,84,2:12,26,96,11,7486
Switzerland,10,Stumblin' In,CYRIL,2023-11-10,126,52,88,-8,37,3:33,6,87,12,4412
Switzerland,11,Overdrive (feat. Norma Jean Martine),Ofenbach,2023-10-06,127,76,61,-4,28,2:36,0,87,13,6535
Switzerland,12,Another Love,Tom Odell,2013-06-24,123,54,45,-9,13,4:04,70,89,14,9246
Switzerland,13,Austin,Dasha,2024-02-16,115,67,76,-7,74,2:52,46,87,15,8321
Switzerland,14,Prada,cassö,2023-08-11,142,72,64,-6,42,2:12,0,89,16,810
Switzerland,15,Unwritten,Natasha Bedingfield,2004-08-30,100,80,71,-6,63,4:19,1,92,17,3538
Switzerland,16,Scared To Start,Michael Marcagi,2024-01-12,148,55,53,-11,44,2:40,38,91,18,8497
Switzerland,17,Vois sur ton chemin - Techno Mix,BENNETT,2023-08-04,138,82,63,-3,37,2:58,9,87,19,485
Switzerland,18,Si No Estás,iñigo quintero,2022-09-23,98,42,54,-9,52,3:04,83,88,20,5078
Switzerland,19,I Don't Wanna Wait,David Guetta,2024-04-05,130,71,68,-5,55,2:30,4,77,2,1097
Switzerland,20,Whatever,Kygo,2024-01-19,108,78,58,-6,60,2:58,11,89,21,8742
Switzerland,21,CARNIVAL,¥$,2024-02-09,148,81,59,-6,31,4:24,19,96,22,9293
Switzerland,22,Like That,Future,2024-03-22,162,68,81,-5,31,4:28,1,95,0,8717
Switzerland,23,we can't be friends (wait for your love),Ariana Grande,2024-03-08,116,66,65,-8,29,3:49,7,95,23,6044
Switzerland,24,Slow It Down,Benson Boone,2024-04-05,181,58,43,-5,54,2:42,17,76,46,8955
Switzerland,25,Pedro,Jaxomy,2024-03-29,151,94,79,-6,84,2:25,2,70,24,9457
Switzerland,26,FE!N (feat. Playboi Carti),Travis Scott,2023-07-28,148,88,57,-3,20,3:12,3,93,26,2482
Switzerland,27,Houdini,Dua Lipa,2023-11-09,117,79,74,-5,87,3:06,0,92,27,6433
Switzerland,28,Stick Season,Noah Kahan,2022-10-14,118,49,66,-7,82,3:02,78,94,28,7346
Switzerland,29,Mwaki,Zerb,2023-11-10,120,64,85,-9,5,3:28,20,73,29,3441
Switzerland,30,The Night We Met,Lord Huron,2015-04-07,87,37,55,-10,10,3:28,97,80,30,6104
Switzerland,31,Can't Hold Us (feat. Ray Dalton),Macklemore & Ryan Lewis,2012-10-09,146,93,63,-4,88,4:18,3,84,31,7818
Switzerland,32,Thank You (Not So Bad),Dimitri Vegas & Like Mike,2023-12-01,150,95,67,-5,56,2:20,2,87,32,4152
Switzerland,33,SEYA,GIMS,2022-12-02,101,68,80,-5,43,3:08,22,69,33,1903
Switzerland,34,I'm Good (Blue),David Guetta,2022-08-26,128,97,56,-4,30,2:55,0,89,47,1115
Switzerland,35,Ain't No Sunshine,Bill Withers,1971-05-01,78,42,53,-11,52,2:05,46,87,34,7912
Switzerland,36,Water,Tyla,2023-07-28,117,72,67,-3,52,3:20,9,92,3,3869
Switzerland,37,Type Shit,Future,2024-03-22,145,55,64,-6,11,3:48,2,90,25,3429
Switzerland,38,Daylight,David Kushner,2023-04-14,130,43,51,-9,32,3:33,83,90,35,2105
Switzerland,39,Jump,Tyla,2024-03-22,100,71,71,-3,65,2:27,3,77,48,4062
Switzerland,40,Evergreen,Richy Mitch & The Coal Miners,2017-05-17,79,22,56,-12,50,1:27,56,89,36,6520
Switzerland,41,Someone You Loved,Lewis Capaldi,2019-05-17,110,41,50,-6,45,3:02,75,89,37,1815
Switzerland,42,Before You Leave Me,Alex Warren,2024-02-16,120,84,70,-5,64,2:56,15,84,38,7689
Switzerland,43,Küssen,1099,2024-03-22,170,77,79,-8,80,2:20,16,76,39,2477
Switzerland,44,Cruel Summer,Taylor Swift,2019-08-23,170,70,55,-6,56,2:58,12,96,40,8713
Switzerland,45,Another Vibe (feat. Omah Lay),Luciano,2024-02-22,64,56,56,-9,24,2:43,25,77,41,6415
Switzerland,46,Flowers,Miley Cyrus,2023-08-18,118,69,71,-5,63,3:21,6,91,42,1573
Switzerland,47,The Sound of Silence - CYRIL Remix,Disturbed,2024-02-02,126,72,68,-4,24,3:05,12,59,43,40
Switzerland,48,Cinderella,Future,2024-03-22,130,41,88,-8,15,2:50,43,89,49,4212
Switzerland,49,Home,Good Neighbours,2024-01-17,77,68,58,-4,13,2:37,3,89,44,504
Switzerland,50,Mockingbird,Eminem,2004-11-12,84,68,64,-4,25,4:11,21,87,45,2439
Iceland,1,i like the way you kiss me,Artemas,2024-03-19,152,95,60,-4,75,2:23,0,96,8,4572
Iceland,2,Like That,Future,2024-03-22,162,68,81,-5,31,4:28,1,95,1,7637
Iceland,3,Too Sweet,Hozier,2024-03-22,117,62,74,-6,93,4:11,3,83,9,1803
Iceland,4,CARNIVAL,¥$,2024-02-09,148,81,59,-6,31,4:24,19,96,2,2809
Iceland,5,Skína,PATRi!K,2023-07-21,123,69,69,-7,87,3:00,2,48,4,3337
Iceland,6,Dvel ég í draumahöll,Hafdís Huld,2012-06-04,120,15,73,-13,40,1:49,90,50,0,6769
Iceland,7,Hef Verið Verri,Herra Hnetusmjör,2024-03-22,82,34,72,-10,70,2:11,9,45,5,5364
Iceland,8,we can't be friends (wait for your love),Ariana Grande,2024-03-08,116,66,65,-8,29,3:49,7,95,11,5997
Iceland,9,Sama um,PATRi!K,2024-03-01,135,81,71,-6,61,2:14,6,48,43,1117
Iceland,10,End of Beginning,Djo,2022-09-16,160,45,69,-8,91,2:39,4,98,12,3739
Iceland,11,Beautiful Things,Benson Boone,2024-04-05,105,47,47,-6,22,3:00,15,77,13,2674
Iceland,12,Type Shit,Future,2024-03-22,145,55,64,-6,11,3:48,2,90,26,654
Iceland,13,BOSSED UP,Izleifur,2024-02-16,100,68,87,-6,52,1:44,16,47,15,2200
Iceland,14,Lose Control,Teddy Swims,2023-09-15,160,60,56,-4,24,3:31,20,93,16,4021
Iceland,15,TEXAS HOLD 'EM,Beyoncé,2024-03-29,110,71,73,-7,38,3:53,58,86,18,5264
Iceland,16,Hvert ertu að fara?,Háski,2024-02-02,134,76,83,-6,29,2:38,4,47,19,5929
Iceland,17,Litlar stjörnur,Hafdís Huld,2012-06-04,93,12,70,-12,55,2:32,91,47,3,2038
Iceland,18,Sofðu unga ástin mín,Hafdís Huld,2012-06-04,128,11,62,-11,39,2:13,93,46,7,5127
Iceland,19,Óskasteinar,Hafdís Huld,2012-06-04,80,10,70,-13,64,1:40,91,46,10,8149
Iceland,20,FE!N (feat. Playboi Carti),Travis Scott,2023-07-28,148,88,57,-3,20,3:12,3,93,20,8241
Iceland,21,Sofa urtubörn,Hafdís Huld,2012-06-04,120,9,72,-14,54,2:31,92,45,14,2502
Iceland,22,KOSS Á ÞIG (Áramótaskaup 2023),Herra Hnetusmjör,2024-01-01,160,66,83,-6,76,2:32,1,45,44,6505
Iceland,23,Ljós,Hafdís Huld,2012-06-04,146,9,74,-13,81,3:17,89,45,17,8489
Iceland,24,Prada,cassö,2023-08-11,142,72,64,-6,42,2:12,0,89,22,7962
Iceland,25,Bíum bíum bambaló,Hafdís Huld,2012-06-04,100,10,78,-14,64,2:55,93,45,21,3938
Iceland,26,Ævintýralönd,Hafdís Huld,2012-06-04,74,12,63,-15,35,3:11,92,45,25,5519
Iceland,27,Góða nótt,Hafdís Huld,2012-06-04,100,18,80,-12,64,2:12,95,44,28,97
Iceland,28,Elska,Daniil,2023-08-03,116,60,72,-8,8,2:38,1,42,23,5312
Iceland,29,greedy,Tate McRae,2023-09-15,111,73,75,-3,84,2:12,26,96,24,3042
Iceland,30,Bí bí og blaka,Hafdís Huld,2012-06-04,97,2,60,-17,29,2:04,95,44,32,4761
Iceland,31,Sofðu,Hafdís Huld,2012-06-04,126,12,68,-12,67,3:13,94,43,35,3359
Iceland,32,Unwritten,Natasha Bedingfield,2004-08-30,100,80,71,-6,63,4:19,1,92,27,7385
Iceland,33,Frost er úti fuglinn minn,Hafdís Huld,2012-06-04,114,12,50,-14,60,2:06,94,44,39,9847
Iceland,34,Nóttin læðist inn,Hafdís Huld,2012-06-04,120,12,72,-13,50,3:02,93,43,42,9162
Iceland,35,Bakka ekki út,Aron Can,2023-05-12,145,51,79,-9,32,2:44,14,43,29,125
Iceland,36,Krumla,ICEGUYS,2023-07-21,105,79,75,-4,42,3:15,2,44,30,1684
Iceland,37,Sólskin,Hafdís Huld,2012-06-04,85,15,75,-12,61,1:40,92,43,46,8307
Iceland,38,Þú ert,Hafdís Huld,2012-06-04,78,19,58,-14,30,2:15,83,43,49,8856
Iceland,39,Hvað með þig?,NUSSUN,2024-03-01,132,62,86,-8,65,2:29,7,43,31,2434
Iceland,40,ONE CALL,Rich Amiri,2023-11-17,158,54,65,-7,25,2:01,1,87,33,1356
Iceland,41,Engill,Floni,2024-02-23,120,64,67,-7,31,3:38,15,43,34,2019
Iceland,42,redrum,21 Savage,2024-01-12,172,74,62,-8,25,4:31,1,93,36,3811
Iceland,43,Sama Stað,JóiPé,2024-03-15,160,79,65,-8,83,2:47,7,42,6,236
Iceland,44,BURN,¥$,2024-02-09,105,89,60,-6,74,1:51,2,87,45,9566
Iceland,45,The Night We Met,Lord Huron,2015-04-07,87,37,55,-10,10,3:28,97,80,37,31
Iceland,46,Austin,Dasha,2024-02-16,115,67,76,-7,74,2:52,46,87,38,1922
Iceland,47,Ain't No Sunshine,Bill Withers,1971-05-01,78,42,53,-11,52,2:05,46,87,40,9466
Iceland,48,Í Fullri Hreinskilni,JóiPé,2024-03-15,128,79,73,-8,60,3:36,14,42,47,7281
Iceland,49,Stick Season,Noah Kahan,2022-10-14,118,49,66,-7,82,3:02,78,94,41,7739
Iceland,50,Cinderella,Future,2024-03-22,130,41,88,-8,15,2:50,43,89,48,8147
Netherlands,1,Sugardaddy,Roxy Dekker,2024-04-04,127,86,84,-4,79,2:12,22,72,0,993
Netherlands,2,Pretty Girls,Frenna,2024-03-14,188,61,65,-5,73,2:26,4,75,6,4742
Netherlands,3,Europapa,Joost,2024-02-29,160,94,71,-5,50,2:40,17,81,7,7510
Netherlands,4,TEXAS HOLD 'EM,Beyoncé,2024-03-29,110,71,73,-7,38,3:53,58,86,8,9749
Netherlands,5,i like the way you kiss me,Artemas,2024-03-19,152,95,60,-4,75,2:23,0,96,9,9900
Netherlands,6,Stumblin' In,CYRIL,2023-11-10,126,52,88,-8,37,3:33,6,87,10,1308
Netherlands,7,Satisfyer,Roxy Dekker,2023-11-10,124,64,79,-8,75,2:01,3,72,44,437
Netherlands,8,Beautiful Things,Benson Boone,2024-04-05,105,47,47,-6,22,3:00,15,77,1,1974
Netherlands,9,Entourage,Bankzitters,2024-03-15,128,80,84,-6,58,2:09,4,72,11,1179
Netherlands,10,Stick Season,Noah Kahan,2022-10-14,118,49,66,-7,82,3:02,78,94,12,7522
Netherlands,11,Austin,Dasha,2024-02-16,115,67,76,-7,74,2:52,46,87,13,5682
Netherlands,12,Too Sweet,Hozier,2024-03-22,117,62,74,-6,93,4:11,3,83,14,4818
Netherlands,13,Belong Together,Mark Ambor,2024-02-16,91,67,65,-5,64,2:28,49,86,2,6228
Netherlands,14,Alles Op Gevoel,FLEMMING,2024-01-04,135,75,62,-6,57,2:49,12,73,3,7637
Netherlands,15,It's Not Right But It's Okay,Mr. Belt & Wezol,2024-02-23,128,86,76,-5,62,2:32,1,76,15,7584
Netherlands,16,we can't be friends (wait for your love),Ariana Grande,2024-03-08,116,66,65,-8,29,3:49,7,95,16,3647
Netherlands,17,Stukje Van Mij,MEAU,2024-02-01,120,25,79,-11,44,3:26,72,71,17,7586
Netherlands,18,Scared To Start,Michael Marcagi,2024-01-12,148,55,53,-11,44,2:40,38,91,18,9013
Netherlands,19,Waterdicht,Hannah Mae,2023-10-20,119,33,69,-11,53,2:52,75,72,19,5464
Netherlands,20,Overdrive (feat. Norma Jean Martine),Ofenbach,2023-10-06,127,76,61,-4,28,2:36,0,87,20,9521
Netherlands,21,End of Beginning,Djo,2022-09-16,160,45,69,-8,91,2:39,4,98,21,4045
Netherlands,22,Lose Control,Teddy Swims,2023-09-15,160,60,56,-4,24,3:31,20,93,4,6233
Netherlands,23,Hier Mag Alles,Donnie,2023-11-24,140,84,67,-5,78,3:16,3,71,22,1332
Netherlands,24,Prada,cassö,2023-08-11,142,72,64,-6,42,2:12,0,89,23,2846
Netherlands,25,Whatever,Kygo,2024-01-19,108,78,58,-6,60,2:58,11,89,24,4744
Netherlands,26,Tuesday,Jonna Fraser,2024-02-01,95,59,67,-6,46,2:54,37,71,25,342
Netherlands,27,Brommers Kieken,Boer Harm,2024-02-21,102,60,94,-8,75,2:27,16,68,26,9384
Netherlands,28,Training Season,Dua Lipa,2024-02-15,123,58,82,-4,67,3:29,4,91,5,1716
Netherlands,29,Thank You (Not So Bad),Dimitri Vegas & Like Mike,2023-12-01,150,95,67,-5,56,2:20,2,87,27,7645
Netherlands,30,The Door,Teddy Swims,2023-09-15,128,86,73,-5,76,3:33,2,83,45,1276
Netherlands,31,Good To Be,Mark Ambor,2023-10-17,94,73,66,-6,38,2:27,57,77,46,9178
Netherlands,32,Before You Leave Me,Alex Warren,2024-02-16,120,84,70,-5,64,2:56,15,84,28,200
Netherlands,33,greedy,Tate McRae,2023-09-15,111,73,75,-3,84,2:12,26,96,29,8375
Netherlands,34,Houdini,Dua Lipa,2023-11-09,117,79,74,-5,87,3:06,0,92,47,2778
Netherlands,35,When We Were Young (The Logical Song),David Guetta,2023-11-10,140,91,66,-5,50,2:27,5,85,30,2565
Netherlands,36,Blindelings,Antoon,2024-01-18,186,70,57,-7,31,2:41,4,69,31,3162
Netherlands,37,Unwritten,Natasha Bedingfield,2004-08-30,100,80,71,-6,63,4:19,1,92,32,4522
Netherlands,38,Slow It Down,Benson Boone,2024-04-05,181,58,43,-5,54,2:42,17,76,48,9459
Netherlands,39,Another Love,Tom Odell,2013-06-24,123,54,45,-9,13,4:04,70,89,33,779
Netherlands,40,Tonight,Son Mieux,2023-10-12,77,42,54,-11,36,4:33,19,69,34,9443
Netherlands,41,Gata Only,FloyyMenor,2024-02-02,100,50,79,-8,67,3:42,45,95,35,8630
Netherlands,42,Écoutez-moi - NL,Claude,2024-01-19,120,59,88,-7,52,2:39,47,38,36,9328
Netherlands,43,Vois sur ton chemin - Techno Mix,BENNETT,2023-08-04,138,82,63,-3,37,2:58,9,87,37,9615
Netherlands,44,Champions League,FLEMMING,2023-11-10,90,76,68,-6,63,2:22,27,68,49,2519
Netherlands,45,Jump,Tyla,2024-03-22,100,71,71,-3,65,2:27,3,77,38,5910
Netherlands,46,Mwaki,Zerb,2023-11-10,120,64,85,-9,5,3:28,20,73,39,8265
Netherlands,47,Pedro,Jaxomy,2024-03-29,151,94,79,-6,84,2:25,2,70,40,7268
Netherlands,48,Speed Of Light,Chef'Special,2023-12-08,126,60,63,-8,51,3:08,32,36,41,1958
Netherlands,49,Head Down,Lost Frequencies,2023-11-10,124,85,73,-7,42,2:54,30,66,42,9071
Netherlands,50,Ain't No Sunshine,Bill Withers,1971-05-01,78,42,53,-11,52,2:05,46,87,43,6686
Israel,1,רק שלך,Omer Adam,2024-03-21,124,47,61,-10,29,3:55,49,66,0,1804
Israel,2,לילות וקללות,Omer Adam,2024-03-21,171,35,37,-8,25,3:24,61,63,8,3851
Israel,3,מנגן ושר,Osher Cohen,2024-02-08,148,63,55,-9,38,3:21,39,66,2,6497
Israel,4,נאדי באדי,Shahar Tavoch,2024-04-01,107,64,81,-5,61,2:30,16,43,6,7404
Israel,5,מבת ים ועד הנצח,Omer Adam,2024-03-21,140,50,69,-8,41,2:34,36,60,16,1533
Israel,6,צוחקת ובוכה,Eden Hason,2024-01-30,126,43,66,-6,28,3:56,83,62,5,9783
Israel,7,משהו אמיתי בעיניים,ששון איפרם שאולוב,2023-01-30,144,59,55,-9,51,2:51,37,63,1,5902
Israel,8,בואי נדבר,ששון איפרם שאולוב,2023-09-27,150,55,38,-8,40,2:53,36,62,10,1063
Israel,9,Hurricane,Eden Golan,2024-03-11,87,57,58,-6,53,2:59,41,61,7,927
Israel,10,Beautiful Things,Benson Boone,2024-04-05,105,47,47,-6,22,3:00,15,82,9,1871
Israel,11,כסף או דמעות,Omer Adam,2024-03-21,106,52,60,-9,45,2:15,61,60,24,7891
Israel,12,ואיך שלא,Omer Adam,2023-12-12,110,44,67,-8,31,3:24,77,62,33,6623
Israel,13,פחד אלוהים,Kfir Tsafrir,2023-02-13,120,66,88,-6,51,2:49,57,62,11,2614
Israel,14,אהבה,Osher Cohen,2023-06-06,127,43,46,-11,73,3:25,62,61,12,7670
Israel,15,אין לי מקום אחר,Itay Levi,2023-11-27,180,40,45,-8,37,3:25,72,61,14,2188
Israel,16,גן עדן של משוגעים,ששון איפרם שאולוב,2023-12-21,160,59,54,-9,68,2:43,8,61,19,6433
Israel,17,אם אתה שלי,Odeya,2024-01-31,76,38,56,-8,53,3:00,88,58,15,2332
Israel,18,אקדח,Omer Adam,2024-03-21,160,58,50,-7,21,4:21,9,58,41,5869
Israel,19,i like the way you kiss me,Artemas,2024-03-19,152,95,60,-4,75,2:23,0,97,18,5220
Israel,20,איפה אתה,Osher Cohen,2024-02-08,172,46,33,-9,12,3:38,85,60,25,7825
Israel,21,Too Sweet,Hozier,2024-03-22,117,62,74,-6,93,4:11,3,86,20,4883
Israel,22,מה לעשות עם הזאב,Alma Gov,2023-05-12,113,33,59,-8,39,2:46,81,56,21,9816
Israel,23,עזבת ת'בית,Peled,2023-02-27,140,63,73,-6,57,3:48,44,58,22,2195
Israel,24,כשיגמר לכם הקיץ,ששון איפרם שאולוב,2023-08-28,144,41,52,-9,62,3:03,73,58,30,4374
Israel,25,גיבורי על,Hatikva 6,2024-02-19,100,49,63,-10,51,3:07,73,55,23,7448
Israel,26,נתראה בגלגול הבא,ששון איפרם שאולוב,2023-10-18,160,37,58,-10,46,2:46,73,57,40,5378
Israel,27,כל הכוכבים,Tuna,2021-12-17,93,43,60,-10,64,2:41,10,56,4,2609
Israel,28,Lose Control,Teddy Swims,2023-09-15,160,60,56,-4,24,3:31,20,93,28,1616
Israel,29,End of Beginning,Djo,2022-09-16,160,45,69,-8,91,2:39,4,99,29,8994
Israel,30,שכחתי מזמן,Eyal Golan,2024-04-11,188,45,35,-8,36,4:23,57,44,3,4198
Israel,31,greedy,Tate McRae,2023-09-15,111,73,75,-3,84,2:12,26,97,31,9087
Israel,32,פזמון אחר,Eyal Golan,2024-04-14,152,51,57,-8,27,3:40,6,0,13,2159
Israel,33,ככה וככה,Osher Cohen,2023-06-06,126,63,70,-9,34,3:39,33,58,37,1496
Israel,34,עד שיירד הסהר,Osher Cohen,2024-02-08,128,26,50,-12,30,3:51,90,57,46,9716
Israel,35,היי בייב,Tuna,2021-12-17,92,78,65,-8,63,3:08,1,57,17,2590
Israel,36,עושה לי צרות,Eden Hason,2022-05-22,89,43,55,-10,33,2:38,78,57,27,1377
Israel,37,בין העיר לפרדס,Tuna,2024-03-29,153,55,57,-10,51,3:52,29,55,34,2705
Israel,38,יהיה טוב,Jasmin Moallem,2023-05-30,104,42,60,-11,30,3:17,73,59,32,2844
Israel,39,בנות כמוני לא בוכות,Noa Kirel,2024-04-10,150,57,63,-6,29,2:37,16,47,35,5332
Israel,40,סטלות,Omer Adam,2023-08-24,88,42,64,-9,52,3:58,87,57,49,6185
Israel,41,שלום אהובתי,Eyal Golan,2023-08-15,103,45,41,-8,15,4:07,23,55,26,3771
Israel,42,עם ישראל חי,Eyal Golan,2023-10-19,105,58,66,-10,48,3:31,67,59,38,8404
Israel,43,סהרה - Live,Tuna,2022-06-17,157,77,33,-6,36,4:33,75,57,45,7402
Israel,44,שקיעות אדומות,Eden Hason,2021-12-01,84,39,59,-9,35,3:33,68,56,44,8674
Israel,45,אין לי אותך,Eyal Golan,2024-04-14,126,32,65,-9,36,3:13,84,0,47,5712
Israel,46,לאהוב אותך כל יום,Doli & Penn,2023-05-18,75,47,61,-9,52,3:32,16,58,36,3837
Israel,47,לצאת מדיכאון,יגל אושרי,2023-08-15,127,48,55,-10,41,3:10,43,59,39,4411
Israel,48,הדם שלי,ששון איפרם שאולוב,2024-01-22,144,41,50,-9,44,2:21,55,57,48,207
Israel,49,רונדלים,Static,2023-02-22,109,62,86,-7,62,1:55,12,54,42,4477
Israel,50,we can't be friends (wait for your love),Ariana Grande,2024-03-08,116,66,65,-8,29,3:49,7,95,43,9777
,#,Title,Artist,Release,BPM,Energy,Dance,Loud,Valence,Length,Acoustic,Pop.,A.Sep,Rnd
Sweden,1,VEM FAN E DU?,Hooja,2024-03-22,150,86,74,-7,41,2:32,4,73,5,6919
Sweden,2,HEMSK,Sarettii,2024-04-05,126,70,72,-6,46,2:08,4,68,2,5621
Sweden,3,i like the way you kiss me,Artemas,2024-03-19,152,95,60,-4,75,2:23,0,97,6,236
Sweden,4,Välkommen ner,Bolaget,2024-04-10,160,56,48,-7,61,2:38,5,64,0,9441
Sweden,5,Que Sera,Medina,2024-03-02,128,86,55,-6,42,2:47,0,74,7,6884
Sweden,6,Too Sweet,Hozier,2024-03-22,117,62,74,-6,93,4:11,3,86,8,1929
Sweden,7,Bærum Bitches (Mannschaft),Søte og Rare Gutter,2024-02-15,147,60,66,-8,54,2:27,7,75,9,9219
Sweden,8,Jag önskar jag brydde mig mer,Hov1,2024-03-29,135,79,58,-6,69,3:18,38,69,10,9985
Sweden,9,Unforgettable,Marcus & Martinus,2024-03-02,117,85,60,-5,34,2:49,4,75,11,5101
Sweden,10,Djurens vaggvisa,Humlan Djojj,2020-10-30,67,3,68,-18,44,2:20,97,72,1,4538
Sweden,11,Beautiful Things,Benson Boone,2024-04-05,105,47,47,-6,22,3:00,15,82,12,2914
Sweden,12,TEXAS HOLD 'EM,Beyoncé,2024-03-29,110,71,73,-7,38,3:53,58,87,13,468
Sweden,13,Hålla mig,Molly Sandén,2024-03-22,127,67,68,-7,37,3:06,10,68,14,9645
Sweden,14,Låt Mig Va,Bolaget,2023-12-25,145,71,56,-6,44,2:01,9,70,16,9860
Sweden,15,Babblarnas vaggvisa,Babblarna,2023-09-01,186,23,30,-13,33,5:34,83,66,15,7683
Sweden,16,Better Days,Benjamin Ingrosso,2024-04-05,135,92,55,-4,69,3:38,5,67,3,4744
Sweden,17,DUKTIG TJEJ,Sarettii,2024-03-15,116,70,75,-8,45,2:04,5,68,45,3488
Sweden,18,we can't be friends (wait for your love),Ariana Grande,2024-03-08,116,66,65,-8,29,3:49,7,95,17,7158
Sweden,19,End of Beginning,Djo,2022-09-16,160,45,69,-8,91,2:39,4,99,18,6231
Sweden,20,Austin,Dasha,2024-02-16,115,67,76,-7,74,2:52,46,89,19,3048
Sweden,21,UNGA & FRIA,FRÖKEN SNUSK,2024-02-10,145,76,61,-7,57,3:03,8,71,20,8469
Sweden,22,Maraton (feat. Eah Jé),Miss Li,2024-04-12,148,73,66,-5,64,2:20,23,53,4,1652
Sweden,23,Belong Together,Mark Ambor,2024-02-16,91,67,65,-5,64,2:28,49,88,21,6791
Sweden,24,Ikväll Igen,Bolaget,2023-04-12,165,53,62,-8,50,2:18,50,67,33,4841
Sweden,25,Lose Control,Teddy Swims,2023-09-15,160,60,56,-4,24,3:31,20,93,22,4166
Sweden,26,Misstag,Miss Li,2024-02-23,103,74,75,-5,84,3:11,5,67,46,5726
Sweden,27,Heroes Are Calling,Smash Into Pieces,2024-04-12,92,84,47,-3,74,0:58,2,40,23,5681
Sweden,28,PERSON I NÖDEN,ADAAM,2024-03-01,83,69,54,-4,84,2:20,24,69,24,2817
Sweden,29,Scared To Start,Michael Marcagi,2024-01-12,148,55,53,-11,44,2:40,38,92,26,3620
Sweden,30,Prada,cassö,2023-08-11,142,72,64,-6,42,2:12,0,90,27,5621
Sweden,31,Lemonade,Y4ska,2023-12-29,122,68,78,-8,82,2:27,57,70,28,9882
Sweden,32,Whatever,Kygo,2024-01-19,108,78,58,-6,60,2:58,11,90,29,4456
Sweden,33,30 KM/H,Lia Larsson,2024-02-23,160,71,57,-8,51,2:49,1,57,30,4944
Sweden,34,Give My Heart A Break,Cazzi Opeia,2024-03-02,126,84,71,-6,82,3:03,17,68,31,1061
Sweden,35,Back To My Roots,Jay Smith,2024-03-02,180,84,52,-5,83,3:02,1,69,32,300
Sweden,36,Illusion,Dua Lipa,2024-04-11,127,77,68,-5,71,3:08,3,79,34,5833
Sweden,37,Dör För Dig - Acoustic,C.Gambino,2024-03-22,87,31,59,-15,48,2:15,74,66,35,8044
Sweden,38,Kan Inte Gå,Bolaget,2021-12-29,145,41,72,-9,65,2:27,22,67,49,9549
Sweden,39,Kite,Benjamin Ingrosso,2024-01-26,140,80,73,-5,90,2:47,23,71,47,4264
Sweden,40,Before You Leave Me,Alex Warren,2024-02-16,120,84,70,-5,64,2:56,15,84,36,6688
Sweden,41,Lean & $prite,Owen,2024-01-19,127,62,86,-9,53,2:34,71,69,37,3312
Sweden,42,Somna,Humlan Djojj,2020-10-30,174,7,27,-16,26,2:40,98,65,25,612
Sweden,43,The Sound of Silence - CYRIL Remix,Disturbed,2024-02-02,126,72,68,-4,24,3:05,12,61,38,54
Sweden,44,Thank You (Not So Bad),Dimitri Vegas & Like Mike,2023-12-01,150,95,67,-5,56,2:20,2,88,39,6048
Sweden,45,Effortless,Jacqline,2024-03-02,105,89,59,-5,65,2:51,0,68,40,6895
Sweden,46,Stjärnorna,Humlan Djojj,2020-10-30,72,7,28,-18,12,2:46,99,62,48,6906
Sweden,47,Alla vill (feat. estraden),A36,2024-04-12,109,71,66,-8,66,2:54,30,33,41,5222
Sweden,48,Stick Season,Noah Kahan,2022-10-14,118,49,66,-7,82,3:02,78,95,42,5407
Sweden,49,Dragon,LIAMOO,2024-03-02,190,62,28,-6,11,3:01,5,67,43,5345
Sweden,50,Gata Only,FloyyMenor,2024-02-02,100,50,79,-8,67,3:42,45,96,44,4737
Norway,1,Bærum Bitches (Mannschaft),Søte og Rare Gutter,2024-02-15,147,60,66,-8,54,2:27,7,75,4,1495
Norway,2,i like the way you kiss me,Artemas,2024-03-19,152,95,60,-4,75,2:23,0,97,5,8128
Norway,3,Too Sweet,Hozier,2024-03-22,117,62,74,-6,93,4:11,3,86,6,479
Norway,4,Beautiful Things,Benson Boone,2024-04-05,105,47,47,-6,22,3:00,15,82,0,6139
Norway,5,SOLDAT - RMX,VC Barre,2024-02-16,145,62,81,-8,87,2:19,5,72,7,1895
Norway,6,Sølvskje,Bausa,2024-04-12,92,57,60,-7,75,2:18,25,53,8,270
Norway,7,Dans Med Meg,Tigergutt101,2024-04-10,127,76,69,-7,58,2:21,2,58,9,3978
Norway,8,Austin,Dasha,2024-02-16,115,67,76,-7,74,2:52,46,89,10,8265
Norway,9,FOREVIG (med TIX),Fjellrev,2024-04-10,138,86,65,-7,89,2:16,10,59,1,7753
Norway,10,we can't be friends (wait for your love),Ariana Grande,2024-03-08,116,66,65,-8,29,3:49,7,95,11,3894
Norway,11,End of Beginning,Djo,2022-09-16,160,45,69,-8,91,2:39,4,99,12,5931
Norway,12,Lose Control,Teddy Swims,2023-09-15,160,60,56,-4,24,3:31,20,93,13,449
Norway,13,Badebussen (feat. Kjartan Lauritzen),DJ MøMø,2023-12-15,135,79,75,-9,65,1:48,8,59,14,9823
Norway,14,TEXAS HOLD 'EM,Beyoncé,2024-03-29,110,71,73,-7,38,3:53,58,87,15,6566
Norway,15,Belong Together,Mark Ambor,2024-02-16,91,67,65,-5,64,2:28,49,88,16,5440
Norway,16,Before You Leave Me,Alex Warren,2024-02-16,120,84,70,-5,64,2:56,15,84,2,5534
Norway,17,Working,Roc Boyz,2024-02-23,95,61,80,-8,69,2:39,6,67,3,6173
Norway,18,The Sound of Silence - CYRIL Remix,Disturbed,2024-02-02,126,72,68,-4,24,3:05,12,61,17,9593
Norway,19,Whatever,Kygo,2024-01-19,108,78,58,-6,60,2:58,11,90,18,8492
Norway,20,Scared To Start,Michael Marcagi,2024-01-12,148,55,53,-11,44,2:40,38,92,19,2964
Norway,21,Situasjon,Ari Bajgora,2024-04-03,97,49,82,-9,82,2:12,19,58,20,642
Norway,22,greedy,Tate McRae,2023-09-15,111,73,75,-3,84,2:12,26,97,21,7962
Norway,23,Slow It Down,Benson Boone,2024-04-05,181,58,43,-5,54,2:42,17,81,25,3527
Norway,24,Stick Season,Noah Kahan,2022-10-14,118,49,66,-7,82,3:02,78,95,22,5017
Norway,25,Cocaina,Roc Boyz,2024-04-05,130,82,79,-6,90,3:01,7,61,46,8961
Norway,26,Prada,cassö,2023-08-11,142,72,64,-6,42,2:12,0,90,23,943
Norway,27,The Night We Met,Lord Huron,2015-04-07,87,37,55,-10,10,3:28,97,80,24,3046
Norway,28,VENNELØS,Blackie,2024-03-01,85,65,80,-6,60,1:55,27,63,26,2879
Norway,29,Casino,Golfklubb,2024-03-29,96,67,82,-4,45,2:53,16,59,27,388
Norway,30,Illusion,Dua Lipa,2024-04-11,127,77,68,-5,71,3:08,3,79,28,9503
Norway,31,I Don't Wanna Wait,David Guetta,2024-04-05,130,71,68,-5,55,2:30,4,81,29,3068
Norway,32,I Remember Everything (feat. Kacey Musgraves),Zach Bryan,2023-08-25,78,45,43,-8,16,3:47,55,92,30,9164
Norway,33,CARNIVAL,¥$,2024-02-09,148,81,59,-6,31,4:24,19,96,31,9075
Norway,34,Unwritten,Natasha Bedingfield,2004-08-30,100,80,71,-6,63,4:19,1,92,32,4759
Norway,35,Evergreen,Richy Mitch & The Coal Miners,2017-05-17,79,22,56,-12,50,1:27,56,90,33,3651
Norway,36,Jeg vil ha (Parlamentet),Fjellrev,2024-01-19,130,81,68,-8,32,3:04,1,68,47,2327
Norway,37,Regissør,El Papi,2024-04-12,160,75,63,-4,62,2:21,11,48,34,1018
Norway,38,Haien Kommer (Sharkdog),Kudos,2023-04-20,144,78,68,-7,70,3:17,10,63,35,314
Norway,39,Home,Good Neighbours,2024-01-17,77,68,58,-4,13,2:37,3,90,36,9019
Norway,40,Like That,Future,2024-03-22,162,68,81,-5,31,4:28,1,96,37,9173
Norway,41,Another Love,Tom Odell,2013-06-24,123,54,45,-9,13,4:04,70,90,38,7199
Norway,42,Feeling Myself - Roc Boyz Remix,23,2023-08-10,130,57,80,-7,64,3:03,20,65,39,7855
Norway,43,når du slår ut håret blir jeg slått ut,Broiler,2024-01-12,73,83,63,-4,43,1:58,7,33,40,4989
Norway,44,Strawberry Dream,Dagny,2024-04-12,97,76,56,-4,54,3:12,4,35,41,9299
Norway,45,Save You a Seat,Alex Warren,2024-03-29,136,47,59,-6,33,3:18,40,76,48,5179
Norway,46,Lush Life,Zara Larsson,2017-03-17,98,71,69,-4,80,3:21,13,84,42,8992
Norway,47,Pedro,Jaxomy,2024-03-29,151,94,79,-6,84,2:25,2,79,43,1803
Norway,48,Espresso,Sabrina Carpenter,2024-04-12,104,77,70,-5,66,2:55,13,79,44,4863
Norway,49,Stay - Live,Lavrans Svendsen,2024-04-12,112,50,50,-7,8,1:57,37,39,45,2214
Norway,50,Cry,Benson Boone,2024-04-05,108,48,71,-5,35,3:06,10,81,49,5311
Luxembourg,1,i like the way you kiss me,Artemas,2024-03-19,152,95,60,-4,75,2:23,0,97,2,5705
Luxembourg,2,Beautiful Things,Benson Boone,2024-04-05,105,47,47,-6,22,3:00,15,82,3,5095
Luxembourg,3,Gata Only,FloyyMenor,2024-02-02,100,50,79,-8,67,3:42,45,96,4,8752
Luxembourg,4,Lose Control,Teddy Swims,2023-09-15,160,60,56,-4,24,3:31,20,93,5,3087
Luxembourg,5,TEXAS HOLD 'EM,Beyoncé,2024-03-29,110,71,73,-7,38,3:53,58,87,6,4320
Luxembourg,6,greedy,Tate McRae,2023-09-15,111,73,75,-3,84,2:12,26,97,7,33
Luxembourg,7,Petit génie,Jungeli,2023-08-04,126,58,79,-6,97,3:37,10,81,8,5714
Luxembourg,8,Too Sweet,Hozier,2024-03-22,117,62,74,-6,93,4:11,3,86,9,3965
Luxembourg,9,Si No Estás,iñigo quintero,2022-09-23,98,42,54,-9,52,3:04,83,89,10,6158
Luxembourg,10,Stumblin' In,CYRIL,2023-11-10,126,52,88,-8,37,3:33,6,88,11,1724
Luxembourg,11,End of Beginning,Djo,2022-09-16,160,45,69,-8,91,2:39,4,99,12,8326
Luxembourg,12,The Sound of Silence - CYRIL Remix,Disturbed,2024-02-02,126,72,68,-4,24,3:05,12,61,13,9098
Luxembourg,13,Overdrive (feat. Norma Jean Martine),Ofenbach,2023-10-06,127,76,61,-4,28,2:36,0,87,14,9441
Luxembourg,14,Houdini,Dua Lipa,2023-11-09,117,79,74,-5,87,3:06,0,92,0,4917
Luxembourg,15,Training Season,Dua Lipa,2024-02-15,123,58,82,-4,67,3:29,4,92,25,2426
Luxembourg,16,Water,Tyla,2023-07-28,117,72,67,-3,52,3:20,9,92,15,7557
Luxembourg,17,I love you,Dadju,2024-02-16,138,61,45,-6,72,3:58,32,69,16,682
Luxembourg,18,Whatever,Kygo,2024-01-19,108,78,58,-6,60,2:58,11,90,17,6580
Luxembourg,19,we can't be friends (wait for your love),Ariana Grande,2024-03-08,116,66,65,-8,29,3:49,7,95,18,2673
Luxembourg,20,Mwaki,Zerb,2023-11-10,120,64,85,-9,5,3:28,20,75,19,655
Luxembourg,21,Illusion,Dua Lipa,2024-04-11,127,77,68,-5,71,3:08,3,79,49,1508
Luxembourg,22,Everything's Okay (Marcele),Juninho Vitório,2023-10-27,102,70,51,-10,23,4:16,0,33,20,8714
Luxembourg,23,Prada,cassö,2023-08-11,142,72,64,-6,42,2:12,0,90,21,8308
Luxembourg,24,Vois sur ton chemin - Techno Mix,BENNETT,2023-08-04,138,82,63,-3,37,2:58,9,87,22,5836
Luxembourg,25,Pedro,Jaxomy,2024-03-29,151,94,79,-6,84,2:25,2,79,23,6820
Luxembourg,26,All My Time,Brandon Thomas,2024-03-08,128,60,69,-11,55,3:19,15,49,24,1258
Luxembourg,27,Cruel Summer,Taylor Swift,2019-08-23,170,70,55,-6,56,2:58,12,96,26,1645
Luxembourg,28,Unwritten,Natasha Bedingfield,2004-08-30,100,80,71,-6,63,4:19,1,92,27,6988
Luxembourg,29,Casanova,Soolking,2023-07-06,132,83,80,-5,76,3:09,68,79,28,5707
Luxembourg,30,MAMI WATA,Gazo,2023-12-01,88,69,70,-5,57,3:53,14,79,29,8025
Luxembourg,31,Another Love,Tom Odell,2013-06-24,123,54,45,-9,13,4:04,70,90,30,870
Luxembourg,32,Temps en temps,Zola,2024-02-09,128,81,93,-4,88,2:34,14,72,31,251
Luxembourg,33,CARNIVAL,¥$,2024-02-09,148,81,59,-6,31,4:24,19,96,32,6213
Luxembourg,34,Belong Together,Mark Ambor,2024-02-16,91,67,65,-5,64,2:28,49,88,33,9962
Luxembourg,35,I Don't Wanna Wait,David Guetta,2024-04-05,130,71,68,-5,55,2:30,4,81,1,448
Luxembourg,36,I'm Good (Blue),David Guetta,2022-08-26,128,97,56,-4,30,2:55,0,90,48,690
Luxembourg,37,Like That,Future,2024-03-22,162,68,81,-5,31,4:28,1,96,34,6020
Luxembourg,38,Flowers,Miley Cyrus,2023-08-18,118,69,71,-5,63,3:21,6,91,35,1415
Luxembourg,39,Position,Franglish,2024-02-15,104,87,50,-2,88,2:21,40,78,36,3742
Luxembourg,40,FE!N (feat. Playboi Carti),Travis Scott,2023-07-28,148,88,57,-3,20,3:12,3,93,37,8444
Luxembourg,41,Austin,Dasha,2024-02-16,115,67,76,-7,74,2:52,46,89,38,5074
Luxembourg,42,SEYA,GIMS,2022-12-02,101,68,80,-5,43,3:08,22,70,39,5
Luxembourg,43,Can't Hold Us (feat. Ray Dalton),Macklemore & Ryan Lewis,2012-10-09,146,93,63,-4,88,4:18,3,85,40,7829
Luxembourg,44,Eurosport,Dardan,2024-04-12,136,87,75,-6,42,2:43,7,68,41,8233
Luxembourg,45,Thank You (Not So Bad),Dimitri Vegas & Like Mike,2023-12-01,150,95,67,-5,56,2:20,2,88,42,690
Luxembourg,46,Lovin On Me,Jack Harlow,2023-11-10,105,56,94,-5,61,2:18,0,93,43,7698
Luxembourg,47,Danza Kuduro,Don Omar,2010-01-01,89,92,40,-5,88,3:19,8,82,44,1226
Luxembourg,48,Stick Season,Noah Kahan,2022-10-14,118,49,66,-7,82,3:02,78,95,45,2780
Luxembourg,49,Bênção,Mizzy Miles,2024-03-01,180,53,57,-7,28,3:26,51,66,46,8291
Luxembourg,50,FLASHBACK,Favé,2023-10-13,142,56,76,-7,74,2:56,39,74,47,8969
Australia,1,Too Sweet,Hozier,2024-03-22,117,62,74,-6,93,4:11,3,86,8,7623
Australia,2,Beautiful Things,Benson Boone,2024-04-05,105,47,47,-6,22,3:00,15,82,2,9155
Australia,3,i like the way you kiss me,Artemas,2024-03-19,152,95,60,-4,75,2:23,0,97,3,1495
Australia,4,Stick Season,Noah Kahan,2022-10-14,118,49,66,-7,82,3:02,78,95,9,5253
Australia,5,End of Beginning,Djo,2022-09-16,160,45,69,-8,91,2:39,4,99,10,8713
Australia,6,Lose Control,Teddy Swims,2023-09-15,160,60,56,-4,24,3:31,20,93,11,2631
Australia,7,Espresso,Sabrina Carpenter,2024-04-12,104,77,70,-5,66,2:55,13,79,4,6316
Australia,8,Cruel Summer,Taylor Swift,2019-08-23,170,70,55,-6,56,2:58,12,96,5,6665
Australia,9,we can't be friends (wait for your love),Ariana Grande,2024-03-08,116,66,65,-8,29,3:49,7,95,12,8196
Australia,10,greedy,Tate McRae,2023-09-15,111,73,75,-3,84,2:12,26,97,13,9729
Australia,11,Scared To Start,Michael Marcagi,2024-01-12,148,55,53,-11,44,2:40,38,92,14,2449
Australia,12,I Remember Everything (feat. Kacey Musgraves),Zach Bryan,2023-08-25,78,45,43,-8,16,3:47,55,92,0,9289
Australia,13,Austin,Dasha,2024-02-16,115,67,76,-7,74,2:52,46,89,15,5458
Australia,14,TEXAS HOLD 'EM,Beyoncé,2024-03-29,110,71,73,-7,38,3:53,58,87,16,214
Australia,15,Lovin On Me,Jack Harlow,2023-11-10,105,56,94,-5,61,2:18,0,93,17,10
Australia,16,Saturn,SZA,2024-02-22,178,62,41,-7,34,3:06,62,93,18,3184
Australia,17,Like That,Future,2024-03-22,162,68,81,-5,31,4:28,1,96,19,8779
Australia,18,Something in the Orange,Zach Bryan,2022-04-22,175,19,37,-12,15,3:48,56,89,25,5707
Australia,19,Prada,cassö,2023-08-11,142,72,64,-6,42,2:12,0,90,20,3000
Australia,20,Stumblin' In,CYRIL,2023-11-10,126,52,88,-8,37,3:33,6,88,21,991
Australia,21,Home,Good Neighbours,2024-01-17,77,68,58,-4,13,2:37,3,90,22,5861
Australia,22,Last Night,Morgan Wallen,2023-03-03,204,68,49,-5,48,2:44,47,85,6,8332
Australia,23,Riptide,Vance Joy,2014-09-08,102,73,48,-7,51,3:24,43,82,23,4869
Australia,24,Feather,Sabrina Carpenter,2023-03-17,124,69,79,-4,84,3:06,9,91,42,4965
Australia,25,CARNIVAL,¥$,2024-02-09,148,81,59,-6,31,4:24,19,96,24,7861
Australia,26,if u think i'm pretty,Artemas,2024-02-09,144,62,54,-6,46,2:08,54,85,43,5872
Australia,27,Water,Tyla,2023-07-28,117,72,67,-3,52,3:20,9,92,27,8654
Australia,28,Slow It Down,Benson Boone,2024-04-05,181,58,43,-5,54,2:42,17,81,44,1825
Australia,29,Tell Ur Girlfriend,Lay Bankz,2024-02-07,135,74,87,-5,61,2:04,9,81,28,407
Australia,30,Unwritten,Natasha Bedingfield,2004-08-30,100,80,71,-6,63,4:19,1,92,29,6248
Australia,31,"One Of The Girls (with JENNIE, Lily Rose Depp)",The Weeknd,2023-06-23,88,64,52,-6,20,4:05,5,93,30,9213
Australia,32,Thinkin’ Bout Me,Morgan Wallen,2023-03-03,140,76,66,-6,43,2:57,49,86,45,3881
Australia,33,Belong Together,Mark Ambor,2024-02-16,91,67,65,-5,64,2:28,49,88,31,2232
Australia,34,Evergreen,Richy Mitch & The Coal Miners,2017-05-17,79,22,56,-12,50,1:27,56,90,32,2697
Australia,35,Illusion,Dua Lipa,2024-04-11,127,77,68,-5,71,3:08,3,79,1,9066
Australia,36,leavemealone,Fred again..,2024-04-09,174,88,68,-5,11,3:43,0,61,33,7603
Australia,37,Magnetic,ILLIT,2024-03-25,131,67,80,-6,69,2:41,26,92,34,2721
Australia,38,Saving Up,Dom Dolla,2023-10-06,130,82,75,-6,58,3:28,0,78,35,2841
Australia,39,Heading South,Zach Bryan,2019-09-30,110,25,68,-14,39,2:52,78,86,48,4376
Australia,40,Training Season,Dua Lipa,2024-02-15,123,58,82,-4,67,3:29,4,92,26,7852
Australia,41,Paint The Town Red,Doja Cat,2023-09-20,100,56,86,-8,73,3:50,26,81,36,8864
Australia,42,obsessed,Olivia Rodrigo,2024-03-22,120,59,68,-5,70,2:51,2,89,7,4473
Australia,43,Fast Car,Luke Combs,2023-03-24,98,60,71,-6,67,4:25,19,86,37,3371
Australia,44,The Night We Met,Lord Huron,2015-04-07,87,37,55,-10,10,3:28,97,80,38,8576
Australia,45,Anti-Hero,Taylor Swift,2022-10-21,97,64,64,-7,53,3:21,13,89,46,2567
Australia,46,FE!N (feat. Playboi Carti),Travis Scott,2023-07-28,148,88,57,-3,20,3:12,3,93,39,445
Australia,47,I Ain't Worried,OneRepublic,2022-05-13,140,80,70,-6,83,2:28,8,90,40,6430
Australia,48,Houdini,Dua Lipa,2023-11-09,117,79,74,-5,87,3:06,0,92,49,21
Australia,49,Whatever She Wants [BONUS],Bryson Tiller,2024-04-05,96,51,80,-7,44,2:41,13,70,41,7244
Australia,50,vampire,Olivia Rodrigo,2023-09-08,138,53,51,-6,35,3:40,18,91,47,7649